{"cameraMode":{"drawMode":0,"name":"Shaded","section":"Shading Mode"},"sceneLighting":true,"audioPlay":false,"sceneViewState":{"m_AlwaysRefresh":false,"showFog":true,"showSkybox":true,"showFlares":true,"showImageEffects":true,"showParticleSystems":true,"showVisualEffectGraphs":true,"m_FxEnabled":true},"in2DMode":false,"pivot":{"x":0.42239099740982058,"y":0.7341403961181641,"z":0.5447182655334473},"rotation":{"x":-0.5449200868606567,"y":0.006788170430809259,"z":-0.004413176793605089,"w":-0.8384581208229065},"size":9.523565292358399,"orthographic":false}